연번,업종명,업소명,소재지(도로명),소재지(지번),데이터기준일
1,유흥주점영업,로얄노래주점,"인천광역시 남동구 경인로626번길 25, 1층 (간석동)",인천광역시 남동구 간석동 277-5 1층전부 ,2024-10-10
2,유흥주점영업,퀸비,"인천광역시 남동구 경인로626번길 25, 지하1층 (간석동)",인천광역시 남동구 간석동 277-5 지하1층 ,2024-10-10
3,유흥주점영업,스탠드바변강쇠,"인천광역시 남동구 남동대로 923, 지하1층 (간석동)",인천광역시 남동구 간석동 276-7 지하1층전체 ,2024-10-10
4,유흥주점영업,도도,"인천광역시 남동구 남동대로922번길 39 (간석동, 지하1층 )",인천광역시 남동구 간석동 174-24 지하1층 ,2024-10-10
5,유흥주점영업,차차차 민속주점,"인천광역시 남동구 백범로 325-2, 지하1층 (간석동)",인천광역시 남동구 간석동 122-8 ,2024-10-10
6,유흥주점영업,백악관카바레,"인천광역시 남동구 용천로 154 (간석동, 지하1층)",인천광역시 남동구 간석동 39-8 지하1층 ,2024-10-10
7,유흥주점영업,아리랑,"인천광역시 남동구 남동대로 923, 3층 (간석동)",인천광역시 남동구 간석동 276-7 3층전부 ,2024-10-10
8,유흥주점영업,대우,"인천광역시 남동구 석촌로 43, 4층 (간석동)",인천광역시 남동구 간석동 211-5 외1필지 4층전체 ,2024-10-10
9,유흥주점영업,투페이스,"인천광역시 남동구 남동대로 920, 801호 (간석동, 대원플라자)",인천광역시 남동구 간석동 211-2 (남동대로 920) 대원플라자 801호 ,2024-10-10
10,유흥주점영업,비밀,"인천광역시 남동구 남동대로922번길 25 (간석동, 지하1층전부)",인천광역시 남동구 간석동 174-3 지하1층전부 ,2024-10-10
11,유흥주점영업,궁전,"인천광역시 남동구 용천로153번길 44 (간석동, 지하1층일부)",인천광역시 남동구 간석동 123-11 지하1층일부 ,2024-10-10
12,유흥주점영업,와와(WAWA)노래클럽,"인천광역시 남동구 남동대로922번길 14, 3층 일부호 (간석동)",인천광역시 남동구 간석동 176-5 3층일부 ,2024-10-10
13,유흥주점영업,큐브,"인천광역시 남동구 남동대로 924, 1층 13호 (간석동)",인천광역시 남동구 간석동 213-8 1층일부 ,2024-10-10
14,유흥주점영업,루이스,"인천광역시 남동구 석촌로 41 (간석동, 지하1층)",인천광역시 남동구 간석동 211-7 지하1층 ,2024-10-10
15,유흥주점영업,밤꽃,"인천광역시 남동구 석촌로 49 (간석동, 지하1층전부)",인천광역시 남동구 간석동 213-14 지하1층전부 ,2024-10-10
16,유흥주점영업,명동노래타운,"인천광역시 남동구 남동대로922번길 39, 1층 (간석동)",인천광역시 남동구 간석동 174-24 1층전체 ,2024-10-10
17,유흥주점영업,플레이 노래클럽,"인천광역시 남동구 남동대로922번길 37, 1층 일부호 (간석동)",인천광역시 남동구 간석동 174-21 1층일부 ,2024-10-10
18,유흥주점영업,도깨비,"인천광역시 남동구 석촌로 52 (간석동, 3층)",인천광역시 남동구 간석동 173-28 3층 ,2024-10-10
19,유흥주점영업,놀이터,"인천광역시 남동구 석촌로 52, 2층 (간석동)",인천광역시 남동구 간석동 173-28 2층 ,2024-10-10
20,유흥주점영업,준코뮤직타운 인천간석점,"인천광역시 남동구 석촌로 41 (간석동, 7층전부)",인천광역시 남동구 간석동 211-7 7층전부 ,2024-10-10
21,유흥주점영업,누리노래주점,"인천광역시 남동구 용천로153번길 49, 지하1층 (간석동)",인천광역시 남동구 간석동 169-13 지하1층 ,2024-10-10
22,유흥주점영업,나비룸크럽,"인천광역시 남동구 석촌로 41, 4층 (간석동)",인천광역시 남동구 간석동 211-7 4층 ,2024-10-10
23,유흥주점영업,엑스노래클럽,"인천광역시 남동구 석촌로 52, 지하1층 (간석동)",인천광역시 남동구 간석동 173-28 (두리길 16) 지하1층전체 ,2024-10-10
24,유흥주점영업,나인투나인노래타운주점,"인천광역시 남동구 인하로 497-24, 조한빌딩 7층 701호 (구월동)",인천광역시 남동구 구월동 1473 조한빌딩 7층 701호 ,2024-10-10
25,유흥주점영업,첫사랑,인천광역시 남동구 남동대로921번길 15 (간석동),인천광역시 남동구 간석동 314-1 ,2024-10-10
26,유흥주점영업,태평양,"인천광역시 남동구 남동대로921번길 15, 1층 5호 (간석동)",인천광역시 남동구 간석동 314-1 1층 5호 ,2024-10-10
27,유흥주점영업,짱노래짱주점,"인천광역시 남동구 경인로 637, 지하1층 (간석동)",인천광역시 남동구 간석동 239-5 (경인로 637) 지하1층일부 ,2024-10-10
28,유흥주점영업,커플,"인천광역시 남동구 남동대로921번길 15 (간석동,(수정길 14-1) 5호)",인천광역시 남동구 간석동 314-1 (수정길 14-1) 5호 ,2024-10-10
29,유흥주점영업,드링코노래타운(주점),"인천광역시 남동구 인하로 497-24 (구월동, 6층)",인천광역시 남동구 구월동 1473 6층 ,2024-10-10
30,유흥주점영업,사이공(sai gon)간석베트남노래클럽,"인천광역시 남동구 석촌로 41, 3층 (간석동)",인천광역시 남동구 간석동 211-7 3층전부 ,2024-10-10
31,유흥주점영업,앗싸노래타운,"인천광역시 남동구 남동대로922번길 24, 지하1층 (간석동)",인천광역시 남동구 간석동 175-3 지하1층 ,2024-10-10
32,유흥주점영업,티파니타운,"인천광역시 남동구 석촌로 43, 5층 (간석동)",인천광역시 남동구 간석동 211-5 5층 ,2024-10-10
33,유흥주점영업,실크로드,"인천광역시 남동구 석촌로46번길 31-1, 1층 (간석동)",인천광역시 남동구 간석동 168-2 1층 ,2024-10-10
34,유흥주점영업,여우노래클럽,"인천광역시 남동구 남동대로922번길 14, 지하1층 (간석동)",인천광역시 남동구 간석동 176-5 지하1층전부 ,2024-10-10
35,유흥주점영업,이지크럽,"인천광역시 남동구 경인로644번길 119, 지하1층 1호 (간석동)",인천광역시 남동구 간석동 51-13 지하1층 1호 ,2024-10-10
36,유흥주점영업,설탕,"인천광역시 남동구 남동대로922번길 18, 1층 (간석동)",인천광역시 남동구 간석동 176-6 (남동대로922번길 18)외1필지(175-5) 1층전부 ,2024-10-10
37,유흥주점영업,수국노래타운,"인천광역시 남동구 용천로153번길 31 (간석동, 지하1층)",인천광역시 남동구 간석동 125-8 지하1층 ,2024-10-10
38,유흥주점영업,제우스,"인천광역시 남동구 석촌로 47, 지하1층 (간석동)",인천광역시 남동구 간석동 213-15 지하1층전부 ,2024-10-10
39,유흥주점영업,쮸쮸빵빵,인천광역시 남동구 남동대로915번길 36 (간석동),인천광역시 남동구 간석동 318-2 ,2024-10-10
40,유흥주점영업,다국적,"인천광역시 남동구 남동대로922번길 17, 지하1층 (간석동)",인천광역시 남동구 간석동 174-18 지하1층 전부 ,2024-10-10
41,유흥주점영업,썬샤인,"인천광역시 남동구 남동대로 927, 1층 (간석동)",인천광역시 남동구 간석동 275-2 1층일부 ,2024-10-10
42,유흥주점영업,명월관,"인천광역시 남동구 남동대로915번길 36, 1층 일부호 (간석동)",인천광역시 남동구 간석동 318-2 1층일부 ,2024-10-10
43,유흥주점영업,앵콜노래클럽,"인천광역시 남동구 석촌로46번길 31-1, 지하1층 (간석동)",인천광역시 남동구 간석동 168-2 지하1층 ,2024-10-10
44,유흥주점영업,윈저주점노래클럽,"인천광역시 남동구 용천로153번길 24, 2층 (간석동)",인천광역시 남동구 간석동 123-3 2층 ,2024-10-10
45,유흥주점영업,마블노래클럽,"인천광역시 남동구 남동대로916번길 3, 지하1층 (간석동)",인천광역시 남동구 간석동 211-3 지하1층 ,2024-10-10
46,유흥주점영업,에이클럽,인천광역시 남동구 경인로 620-1 (간석동),인천광역시 남동구 간석동 316-5 ,2024-10-10
47,유흥주점영업,도다가,"인천광역시 남동구 남동대로922번길 45, 지하1층 (간석동)",인천광역시 남동구 간석동 174-26 지하1층 ,2024-10-10
48,유흥주점영업,대림,인천광역시 남동구 석촌로46번길 51 (간석동),인천광역시 남동구 간석동 169-15 ,2024-10-10
49,유흥주점영업,텐프로,"인천광역시 남동구 남동대로 920, 7층 (간석동)",인천광역시 남동구 간석동 211-2 7층전부 ,2024-10-10
50,유흥주점영업,다국적노래클럽,"인천광역시 남동구 남동대로 920, 12층 (간석동)",인천광역시 남동구 간석동 211-2 12층 ,2024-10-10
51,유흥주점영업,오케이(O.K)노래주점,"인천광역시 남동구 남동대로922번길 8, 지하1층 (간석동)",인천광역시 남동구 간석동 211-1 지하1층 ,2024-10-10
52,유흥주점영업,소풍,"인천광역시 남동구 석촌로 44, 1층 (간석동)",인천광역시 남동구 간석동 180-2 1층전체 ,2024-10-10
53,유흥주점영업,오아시스,"인천광역시 남동구 용천로 167, B01호 (간석동)",인천광역시 남동구 간석동 120-1 ,2024-10-10
54,유흥주점영업,명품노래광장주점,"인천광역시 남동구 경인로 607, 2층 201호 (간석동)",인천광역시 남동구 간석동 250-3 201호,2024-10-10
55,유흥주점영업,필노래클럽,"인천광역시 남동구 백범로 335, 지하1층 (간석동)",인천광역시 남동구 간석동 123-4 (백범로 335) 지하1층 ,2024-10-10
56,유흥주점영업,미팅노래클럽,"인천광역시 남동구 석촌로46번길 32 (간석동,2층)",인천광역시 남동구 간석동 167-7 2층 ,2024-10-10
57,유흥주점영업,로야,"인천광역시 남동구 석촌로 42, 지하1층 (간석동)",인천광역시 남동구 간석동 180-3 지하1층 ,2024-10-10
58,유흥주점영업,오션7080라이브,"인천광역시 남동구 남동대로921번길 15, 지하1층 (간석동)",인천광역시 남동구 간석동 314-1 외1필지 지하1층일부 ,2024-10-10
59,유흥주점영업,글램,"인천광역시 남동구 인하로507번길 23-1, 지하1층 (구월동, 뉴욕빌딩)",인천광역시 남동구 구월동 1473-1 뉴욕빌딩 지하1층 전부 ,2024-10-10
60,유흥주점영업,여우노래밤주점,"인천광역시 남동구 남동대로921번길 19 (간석동, 지하1층전부)",인천광역시 남동구 간석동 314-3 지하1층전부 ,2024-10-10
61,유흥주점영업,아방궁,"인천광역시 남동구 남동대로915번길 8, 1층 (간석동)",인천광역시 남동구 간석동 277-3 1층일부 ,2024-10-10
62,유흥주점영업,쌈바,"인천광역시 남동구 남동대로915번길 8, 1층 일부호 (간석동)",인천광역시 남동구 간석동 277-3 1층일부 ,2024-10-10
63,유흥주점영업,주준코소주호프노래타운,"인천광역시 남동구 인하로507번길 23-1, 4층 (구월동, 뉴욕빌딩)",인천광역시 남동구 구월동 1473-1 뉴욕빌딩 4층 ,2024-10-10
64,유흥주점영업,마이스위트궁노래와인주점,"인천광역시 남동구 인하로507번길 23-1, 301호 (구월동)",인천광역시 남동구 구월동 1473-1 301호 ,2024-10-10
65,유흥주점영업,여시노래클럽,"인천광역시 남동구 경인로644번길 116, 지하1층 (간석동)",인천광역시 남동구 간석동 118-1 (경인로644번길116) 지하1층 일부 ,2024-10-10
66,유흥주점영업,쉬즈룸크럽,"인천광역시 남동구 남동대로 920, 지하1층 (간석동)",인천광역시 남동구 간석동 211-2 지하1층 ,2024-10-10
67,유흥주점영업,쇼군,"인천광역시 남동구 남동대로922번길 17, 2층 (간석동)",인천광역시 남동구 간석동 174-18 2층 ,2024-10-10
68,유흥주점영업,뮤토노래타운,"인천광역시 남동구 인하로507번길 23, 4층 (구월동)",인천광역시 남동구 구월동 1473-2 4층일부 ,2024-10-10
69,유흥주점영업,세계일주노래클럽주점,"인천광역시 남동구 남동대로922번길 21, 1,2,3층 (간석동)","인천광역시 남동구 간석동 174-17 1,2,3층 ",2024-10-10
70,유흥주점영업,빵빵노래클럽,"인천광역시 남동구 남동대로922번길 39 (간석동, 2층전체)",인천광역시 남동구 간석동 174-24 2층전체 ,2024-10-10
71,유흥주점영업,포끝노래타운,"인천광역시 남동구 인하로489번길 16 (구월동, 세동빌딩 지하 1층)",인천광역시 남동구 구월동 1467 세동빌딩 지하 1층 ,2024-10-10
72,유흥주점영업,딱다구리,"인천광역시 남동구 성말로 9, 4층 401호 (구월동)",인천광역시 남동구 구월동 1457 이노프라자4층 401호,2024-10-10
73,유흥주점영업,씨엔엔노래클럽주점,"인천광역시 남동구 성말로 9, 3층 308-1호 (구월동, 이노프라자)",인천광역시 남동구 구월동 1457 이노프라자 308-1호,2024-10-10
74,유흥주점영업,주준코소주호프노래타운,"인천광역시 남동구 인하로507번길 23-1, 501호 (구월동, 뉴욕빌딩)",인천광역시 남동구 구월동 1473-1 뉴욕빌딩 501호,2024-10-10
75,유흥주점영업,10프로,"인천광역시 남동구 석촌로 49, 1, 2층 (간석동)","인천광역시 남동구 간석동 213-14 (두리길 11) 1,2층 ",2024-10-10
76,유흥주점영업,태성,"인천광역시 남동구 경인로626번길 16, 지하1층 (간석동)",인천광역시 남동구 간석동 317-1 지하1층일부 ,2024-10-10
77,유흥주점영업,이지타운,"인천광역시 남동구 남동대로922번길 45 (간석동,2층일부)",인천광역시 남동구 간석동 174-26 2층일부 ,2024-10-10
78,유흥주점영업,카라,"인천광역시 남동구 남동대로921번길 15 (간석동,(수정길 14-1)106호)",인천광역시 남동구 간석동 314-1 (수정길 14-1)106호 ,2024-10-10
79,유흥주점영업,초콜렛 노래클럽,"인천광역시 남동구 남동대로922번길 37, 2층 (간석동)",인천광역시 남동구 간석동 174-21 (두리2길 23) 2층 ,2024-10-10
80,유흥주점영업,가요톱10,"인천광역시 남동구 인하로 497-24, 지하2층 201호 (구월동, 조한빌딩)",인천광역시 남동구 구월동 1473 조한빌딩 지하2층 201호 ,2024-10-10
81,유흥주점영업,프라다,"인천광역시 남동구 석촌로 42, 2층 (간석동)",인천광역시 남동구 간석동 180-3 2층전부 ,2024-10-10
82,유흥주점영업,기모노,"인천광역시 남동구 남동대로922번길 22 (간석동, 2층)",인천광역시 남동구 간석동 175-4 2층 ,2024-10-10
83,유흥주점영업,럭셔리노래주점클럽,"인천광역시 남동구 소래역로18번길 32 (논현동, 2층)",인천광역시 남동구 논현동 111-143 2층 ,2024-10-10
84,유흥주점영업,카라노래짱,"인천광역시 남동구 앵고개로934번길 51 (논현동,흥인프라자 601호)",인천광역시 남동구 논현동 676-7 흥인프라자 601호 ,2024-10-10
85,유흥주점영업,조코노래광장,"인천광역시 남동구 앵고개로948번길 54, 4층 402-1호 (논현동, 굿모닝타워)",인천광역시 남동구 논현동 676-6 굿모닝타워 402-1호,2024-10-10
86,유흥주점영업,로마,"인천광역시 남동구 남동대로921번길 15, 103호 (간석동)",인천광역시 남동구 간석동 314-1 (수정길 14-1) 103호 ,2024-10-10
87,유흥주점영업,비 노래타운,"인천광역시 남동구 인하로489번길 28, 702호 (구월동, 로데오프라자21)",인천광역시 남동구 구월동 1463-2 로데오프라자21 702호,2024-10-10
88,유흥주점영업,메이드(MADE),"인천광역시 남동구 용천로153번길 31, 4층 (간석동)",인천광역시 남동구 간석동 125-8 4층전부 ,2024-10-10
89,유흥주점영업,마린노래주점,"인천광역시 남동구 장도로 64 (논현동,동아씨랜드26 3층일부(307호))",인천광역시 남동구 논현동 678-4 동아씨랜드26 3층일부(307호) ,2024-10-10
90,유흥주점영업,디퍼(Differ)7080라이브,"인천광역시 남동구 앵고개로948번길 54 (논현동,굿모닝타워 10층(1001호))",인천광역시 남동구 논현동 676-6 굿모닝타워 10층(1001호) ,2024-10-10
91,유흥주점영업,필노래클럽주점,"인천광역시 남동구 호구포로 212, 대양프라자빌딩 403호 (논현동)",인천광역시 남동구 논현동 636-6 대양프라자빌딩 403호,2024-10-10
92,유흥주점영업,골드노래클럽주점,"인천광역시 남동구 논현로26번길 34 (논현동, 논현시네마타워 3층 311호)",인천광역시 남동구 논현동 646-2 논현시네마타워 3층 311호 ,2024-10-10
93,유흥주점영업,수노래클럽,"인천광역시 남동구 백범로 330-1, 2층 (간석동)",인천광역시 남동구 간석동 120-12 2층일부 ,2024-10-10
94,유흥주점영업,광장노래크럽,"인천광역시 남동구 소래역로30번길 22, 소래광장프라자 303호 (논현동)",인천광역시 남동구 논현동 678-3 소래광장프라자 303호,2024-10-10
95,유흥주점영업,빙고노래크럽주점,"인천광역시 남동구 소래역로 28, 304호 (논현동, 조은프라자)",인천광역시 남동구 논현동 678-1 (소래역로 28) 조은프라자 304호 ,2024-10-10
96,유흥주점영업,갯벌노래광장주점,"인천광역시 남동구 소래역로 12, 2층 219호 (논현동, 소래포구 종합어시장)",인천광역시 남동구 논현동 680-1 소래포구 종합어시장 2층 219호 ,2024-10-10
97,유흥주점영업,사이공(Saigon)베트남노래클럽,"인천광역시 남동구 남동대로922번길 43, 지하1층 일부호 (간석동)",인천광역시 남동구 간석동 174-25 ,2024-10-10
98,유흥주점영업,칸타타노래광장주점,"인천광역시 남동구 인주대로591번길 64, 204호 (구월동, 타원벨라움)",인천광역시 남동구 구월동 1132 ,2024-10-10
99,유흥주점영업,명품노래짱,"인천광역시 남동구 인주대로623번길 54, 4층 (구월동)",인천광역시 남동구 구월동 1141-5 ,2024-10-10
100,유흥주점영업,포구노래짱주점,"인천광역시 남동구 소래역로 12, 2층 208호 (논현동, 소래포구 종합어시장)",인천광역시 남동구 논현동 680-1 소래포구 종합어시장 2층 208호,2024-10-10
101,유흥주점영업,시드니노래광장,"인천광역시 남동구 논현로26번길 34, 206호 (논현동, 주건축물제1동)",인천광역시 남동구 논현동 646-2 주건축물제1동 ,2024-10-10
102,유흥주점영업,명품관노래주점클럽,"인천광역시 남동구 앵고개로934번길 51, 201호 (논현동, 흥인빌딩)",인천광역시 남동구 논현동 676-7 흥인빌딩 201호,2024-10-10
103,유흥주점영업,쿨노래광장주점,"인천광역시 남동구 호구포로 212, 401호 (논현동, 대양프라자)",인천광역시 남동구 논현동 636-6 대양프라자 401호,2024-10-10
104,유흥주점영업,칸타노래주점,"인천광역시 남동구 인주대로591번길 64, 204-1호 (구월동, 타원벨라움)",인천광역시 남동구 구월동 1132 타원벨라움 204-1호,2024-10-10
105,유흥주점영업,베트남노래클럽,"인천광역시 남동구 성말로 9, 3층 310호 (구월동, 이노프라자)",인천광역시 남동구 구월동 1457 이노프라자 310호,2024-10-10
106,유흥주점영업,베트남노래클럽,"인천광역시 남동구 성말로 9, 3층 307호 (구월동, 이노프라자)",인천광역시 남동구 구월동 1457 이노프라자 307호,2024-10-10
107,유흥주점영업,황진이노래광장주점,"인천광역시 남동구 앵고개로948번길 54, 3층 302호 (논현동, 굿모닝타워)",인천광역시 남동구 논현동 676-6 굿모닝타워 3층 302호 ,2024-10-10
108,유흥주점영업,길노래짱주점,"인천광역시 남동구 인주대로623번길 62, 3층 (구월동)",인천광역시 남동구 구월동 1141-1 3층일부 ,2024-10-10
109,유흥주점영업,스카이 노래바,"인천광역시 남동구 구월남로 148, 1403호 (구월동, 타워플러스)",인천광역시 남동구 구월동 1142-20 타워플러스 1403호,2024-10-10
110,유흥주점영업,힐링노래타운주점,"인천광역시 남동구 예술로192번길 39, 지1층 (구월동)",인천광역시 남동구 구월동 1129-9 지1층 일부 ,2024-10-10
111,유흥주점영업,럭셔리노래타운,"인천광역시 남동구 구월남로 120, 2층 201호 (구월동, 백세빌딩)",인천광역시 남동구 구월동 1131-13 백세빌딩 201호,2024-10-10
112,유흥주점영업,씨엔술노래타운,"인천광역시 남동구 성말로 9, 3층 308호 (구월동, 이노프라자)",인천광역시 남동구 구월동 1457 이노프라자 3층 308호 ,2024-10-10
113,유흥주점영업,소래노래광장,"인천광역시 남동구 소래역로 20, 3층 301호 (논현동, 베스트프라자)",인천광역시 남동구 논현동 679-3 베스트프라자 3층일부 301호,2024-10-10
114,유흥주점영업,탑노래클럽,"인천광역시 남동구 호구포로 201, 2층 206-1호 (논현동, 논현두손지젤타워)","인천광역시 남동구 논현동 644-4 논현두손지젤타워, 2층일부 206-1호",2024-10-10
115,유흥주점영업,엠노래클럽,"인천광역시 남동구 앵고개로934번길 24, 4층 401호 (논현동, 세훈프라자)",인천광역시 남동구 논현동 677-2 세훈프라자 4층 401호 ,2024-10-10
116,유흥주점영업,궁노래클럽,"인천광역시 남동구 남동대로765번길 44, 2층 (구월동)",인천광역시 남동구 구월동 1143-8 2층 ,2024-10-10
117,유흥주점영업,갯벌2노래타운,"인천광역시 남동구 소래역로 12, 2층 220호 (논현동, 소래어시장)",인천광역시 남동구 논현동 680-1 소래어시장 2층 220호 ,2024-10-10
118,유흥주점영업,명품노래타운주점,"인천광역시 남동구 예술로 206, 2층 B205호 (구월동, 구월중앙프라자)",인천광역시 남동구 구월동 1131-3 구월중앙프라자 ,2024-10-10
119,유흥주점영업,짝노래노래,"인천광역시 남동구 소래역로46번길 28, 4층 402호 (논현동, 대영로데오)",인천광역시 남동구 논현동 676-2 대영로데오 4층 402호 ,2024-10-10
120,유흥주점영업,럭셔리노래광장,"인천광역시 남동구 구월남로 120, 2층 202호 (구월동, 백세빌딩)",인천광역시 남동구 구월동 1131-13 백세빌딩 202호,2024-10-10
121,유흥주점영업,엘에이(LA)노래노래,"인천광역시 남동구 소래역로46번길 28, 4층 403호 (논현동, 대영로데오)",인천광역시 남동구 논현동 676-2 대영로데오 4층 403호 ,2024-10-10
122,유흥주점영업,아바노래타운,"인천광역시 남동구 소래역로 28, 2층 204호 (논현동, 조은프라자)",인천광역시 남동구 논현동 678-1 조은프라자 2층 204호 ,2024-10-10
123,유흥주점영업,황궁노래클럽주점,"인천광역시 남동구 논현로26번길 34, 2층 202호 (논현동)",인천광역시 남동구 논현동 646-2 2층 202호 ,2024-10-10
124,유흥주점영업,바다노래타운,"인천광역시 남동구 소래역로 20, 4층 401호 (논현동, 베스트프라자)",인천광역시 남동구 논현동 679-3 베스트프라자 4층 401호 ,2024-10-10
125,유흥주점영업,쟁반노래타운주점,"인천광역시 남동구 소래역로 20, 4층 402호 (논현동, 베스트프라자)",인천광역시 남동구 논현동 679-3 베스트프라자 4층 402호 ,2024-10-10
126,유흥주점영업,메이드2,"인천광역시 남동구 성말로 9, 5층 502호 (구월동, 이노프라자)",인천광역시 남동구 구월동 1457 이노프라자 502호,2024-10-10
127,유흥주점영업,짱노래클럽,"인천광역시 남동구 선수촌공원로23번길 10-6, 3층 301호 (구월동, 은성프라자)",인천광역시 남동구 구월동 1540-2 은성프라자 3층 301호,2024-10-10
128,유흥주점영업,카카오,"인천광역시 남동구 앵고개로948번길 48, 2층 일부호 (논현동)",인천광역시 남동구 논현동 676-5 2층일부 ,2024-10-10
129,유흥주점영업,보라카이,"인천광역시 남동구 앵고개로948번길 48, 2층 일부호 (논현동)",인천광역시 남동구 논현동 676-5 2층 일부 ,2024-10-10
130,유흥주점영업,하바나노래광장주점,"인천광역시 남동구 소래역로30번길 18, 304호 (논현동, 제일타워)",인천광역시 남동구 논현동 678-2 제일타워 304호,2024-10-10
131,유흥주점영업,연예인7080라이브,"인천광역시 남동구 소래역로30번길 18, 3층 301호 (논현동, 제일타워)",인천광역시 남동구 논현동 678-2 제일타워 301호,2024-10-10
132,유흥주점영업,라이브카페썸7080(LIVECAFE썸7080),"인천광역시 남동구 소래역로46번길 20, 203호 (논현동, 아크리아)",인천광역시 남동구 논현동 676-1 아크리아 203호,2024-10-10
133,유흥주점영업,월노래클럽(썸),"인천광역시 남동구 소래역로46번길 20, 204호 (논현동, 아크리아)",인천광역시 남동구 논현동 676-1 아크리아 204호,2024-10-10
134,유흥주점영업,뉴발로만,"인천광역시 남동구 경인로626번길 16, 3층 일부호 (간석동)",인천광역시 남동구 간석동 317-1 3층 일부 ,2024-10-10
135,유흥주점영업,팰리스비즈니스클럽,"인천광역시 남동구 소래역로 36, 2층 206호 (논현동, 라마다인천호텔)",인천광역시 남동구 논현동 677-6 라마다인천호텔 206호,2024-10-10
136,유흥주점영업,팰리스노래가왕주점,"인천광역시 남동구 소래역로 36, 2층 208호 (논현동, 라마다인천호텔)",인천광역시 남동구 논현동 677-6 라마다인천호텔 208호,2024-10-10
137,유흥주점영업,카카오노래바주점,"인천광역시 남동구 장도로 64, 204호 (논현동)",인천광역시 남동구 논현동 678-4 204호,2024-10-10
138,유흥주점영업,제우스노래클럽,"인천광역시 남동구 인주대로591번길 55, 2층 202호 (구월동, 건영프라자)",인천광역시 남동구 구월동 1131-16 건영프라자 202호,2024-10-10
139,유흥주점영업,빙고노래타운,"인천광역시 남동구 인주대로591번길 60, 2층 일부호 (구월동)",인천광역시 남동구 구월동 1132-2 ,2024-10-10
140,유흥주점영업,에픽,"인천광역시 남동구 남동대로922번길 39, 3층 전체호 (간석동)",인천광역시 남동구 간석동 174-24 ,2024-10-10
141,유흥주점영업,라마다엠라이브,"인천광역시 남동구 소래역로 36, 3층 307호 (논현동, 라마다인천호텔)",인천광역시 남동구 논현동 677-6 ,2024-10-10
142,유흥주점영업,골드노래광장주점,"인천광역시 남동구 소래역로30번길 18, 1층 104호 (논현동, 제일타워)",인천광역시 남동구 논현동 678-2 ,2024-10-10
143,유흥주점영업,구월노래주점,"인천광역시 남동구 인하로507번길 63, 3층 307호 (구월동, 모아메디컬타운)",인천광역시 남동구 구월동 1458-1 모아메디컬타운 307호 ,2024-10-10
144,유흥주점영업,티키타카,"인천광역시 남동구 인하로 497-15, 지1층 B01호 (구월동)",인천광역시 남동구 구월동 1467-1 지하1층전체 ,2024-10-10
145,유흥주점영업,미2노래살롱주점,"인천광역시 남동구 논현로26번길 34, 2층 209호 (논현동)",인천광역시 남동구 논현동 646-2 ,2024-10-10
146,유흥주점영업,메카,"인천광역시 남동구 석촌로 52, 1층 (간석동)",인천광역시 남동구 간석동 173-28 ,2024-10-10
147,유흥주점영업,샤방샤방노래짱주점,"인천광역시 남동구 소래역로30번길 22, 2층 204호 (논현동, 소래광장프라자)",인천광역시 남동구 논현동 678-3 ,2024-10-10
148,유흥주점영업,모아노래주점바,"인천광역시 남동구 인하로507번길 63, 2층 206호 (구월동, 모아메디컬타운)",인천광역시 남동구 구월동 1458-1 모아메디컬타운 206호 ,2024-10-10
149,유흥주점영업,슈퍼맨다국적룸클럽,"인천광역시 남동구 남동대로 924, 지하층 15호 (간석동)",인천광역시 남동구 간석동 213-8 ,2024-10-10
150,유흥주점영업,슈퍼맨다국적노래클럽,"인천광역시 남동구 남동대로 924, 지하층 18호 (간석동)",인천광역시 남동구 간석동 213-8 ,2024-10-10
151,유흥주점영업,킹스노래타운,"인천광역시 남동구 인주대로591번길 32, 3층 303호 (구월동, 훼미리프라자)",인천광역시 남동구 구월동 1129-3 훼미리프라자 303호 ,2024-10-10
152,유흥주점영업,아가씨노래타운주점,"인천광역시 남동구 선수촌공원로 25, 3층 303호 (구월동, 구월신세계프라자)",인천광역시 남동구 구월동 1534-2 구월신세계프라자 303호 ,2024-10-10
153,유흥주점영업,퀸,"인천광역시 남동구 선수촌공원로 27, 보미프라자 2층 203호 (구월동)",인천광역시 남동구 구월동 1534-1 보미프라자 203호 ,2024-10-10
154,유흥주점영업,시드니노래광장주점,"인천광역시 남동구 인하로507번길 63, 모아메디컬타운 2층 205호 (구월동)",인천광역시 남동구 구월동 1458-1 모아메디컬타운 2층 205호 ,2024-10-10
155,유흥주점영업,아레나노래타운,"인천광역시 남동구 선수촌공원로23번길 6-9, 광장프라자 3층 302호 (구월동)",인천광역시 남동구 구월동 1541-1 광장프라자 302호 ,2024-10-10
156,유흥주점영업,미샵노래주점,"인천광역시 남동구 논현로26번길 34, 2층 207(전부)호 (논현동)",인천광역시 남동구 논현동 646-2 ,2024-10-10
157,유흥주점영업,캔디노래클럽주점,"인천광역시 남동구 선수촌공원로23번길 12, 로자벨프라자 3층 301호 (구월동)",인천광역시 남동구 구월동 1536-3 로자벨프라자 301호 ,2024-10-10
158,유흥주점영업,가왕,"인천광역시 남동구 선수촌공원로23번길 10-10, 솔보프라자 2층 201호 (구월동)",인천광역시 남동구 구월동 1540-1 솔보프라자 201호 ,2024-10-10
159,유흥주점영업,에스(S)라인 노래클럽,인천광역시 남동구 선수촌공원로23번길 6-9 (상업8-1-1) 2층 203호 (구월동),인천광역시 남동구 구월동 1541-1 (상업8-1-1) ,2024-10-10
160,유흥주점영업,큐브,"인천광역시 남동구 인하로507번길 23, 인아빌딩 지하1층 B101호 (구월동)",인천광역시 남동구 구월동 1473-2 인아빌딩 ,2024-10-10
161,유흥주점영업,브이아이피클럽 인천(VIP CLUB INCHEON),"인천광역시 남동구 남동대로916번길 3, 7층 701호 일부호 (간석동)",인천광역시 남동구 간석동 211-3 ,2024-10-10
162,유흥주점영업,소문난,"인천광역시 남동구 앵고개로934번길 24, 세훈프라자 2층 201호 (논현동)",인천광역시 남동구 논현동 677-2 세훈프라자 201호 ,2024-10-10
163,유흥주점영업,홍콩,"인천광역시 남동구 앵고개로934번길 24, 세훈프라자 2층 203호 (논현동)",인천광역시 남동구 논현동 677-2 세훈프라자 203호 ,2024-10-10
164,유흥주점영업,앵콜,"인천광역시 남동구 앵고개로934번길 24, 세훈프라자 2층 204호 (논현동)",인천광역시 남동구 논현동 677-2 세훈프라자 204호 ,2024-10-10
165,유흥주점영업,빌리어네어 노래타운,"인천광역시 남동구 인하로 497-15, 대건빌딩 2층 202호 (구월동)",인천광역시 남동구 구월동 1467-1 대건빌딩 2층 202호 ,2024-10-10
166,유흥주점영업,설탕노래광장,"인천광역시 남동구 앵고개로934번길 51, 흥인빌딩 4층 401호 (논현동)",인천광역시 남동구 논현동 676-7 흥인빌딩 401호 ,2024-10-10
167,유흥주점영업,궁노래클럽주점,"인천광역시 남동구 선수촌공원로23번길 10-10, 솔보프라자 3층 302호 (구월동)",인천광역시 남동구 구월동 1540-1 솔보프라자(상업7-1-1) ,2024-10-10
168,유흥주점영업,보스,"인천광역시 남동구 남동대로922번길 14, 4층 (간석동)",인천광역시 남동구 간석동 176-5 4층 ,2024-10-10
169,유흥주점영업,수노래광장주점,"인천광역시 남동구 호구포로 210, 호텔리치아노 3층 301호 (논현동)",인천광역시 남동구 논현동 636-7 호텔리치아노 301호,2024-10-10
170,유흥주점영업,리치노래타운유흥주점,"인천광역시 남동구 호구포로 210, 호텔리치아노 3층 302호 (논현동)",인천광역시 남동구 논현동 636-7 호텔리치아노 302호,2024-10-10
171,유흥주점영업,불러존노래클럽주점,"인천광역시 남동구 소래역로30번길 18, 제일타워 3층 302호 (논현동)",인천광역시 남동구 논현동 678-2 제일타워 302호,2024-10-10
172,유흥주점영업,센스노래타운,"인천광역시 남동구 선수촌공원로17번길 8, 정방빌딩 2층 203호 (구월동)",인천광역시 남동구 구월동 1542-4 정방빌딩 2층 203호 ,2024-10-10
173,유흥주점영업,스타노래타운,"인천광역시 남동구 선수촌공원로17번길 8, 정방빌딩 2층 204호 (구월동)",인천광역시 남동구 구월동 1542-4 정방빌딩 2층 204호 ,2024-10-10
174,유흥주점영업,글래머노래광장,"인천광역시 남동구 선수촌공원로23번길 10-6, 은성프라자 2층 202호 (구월동)",인천광역시 남동구 구월동 1540-2 은성프라자 2층 202호,2024-10-10
175,유흥주점영업,별빛노래주점,"인천광역시 남동구 소래역로 12, 소래포구 종합어시장 3층 317호 (논현동)",인천광역시 남동구 논현동 680-1 소래포구 종합어시장 3층 317호,2024-10-10
176,유흥주점영업,스카이노래주점,"인천광역시 남동구 소래역로 12, 소래포구 종합어시장 3층 316호 (논현동)",인천광역시 남동구 논현동 680-1 소래포구 종합어시장 3층 316호,2024-10-10
177,유흥주점영업,에스(S)라인노래클럽,"인천광역시 남동구 경인로644번길 116, 2층 일부호 (간석동)",인천광역시 남동구 간석동 118-1 2층 일부 ,2024-10-10
178,유흥주점영업,오슈투,"인천광역시 남동구 인하로507번길 21, 승관빌딩 지하1층 (구월동)",인천광역시 남동구 구월동 1472-2 승관빌딩 지하1층전부 ,2024-10-10
179,유흥주점영업,반갑다 친구야,"인천광역시 남동구 남동대로921번길 15, 지하1층 B102호 (간석동)",인천광역시 남동구 간석동 314-1 B102호 ,2024-10-10
180,유흥주점영업,시넬노래짱,"인천광역시 남동구 남동대로777번길 28, 4층 일부호 (구월동)",인천광역시 남동구 구월동 1142-30 4층 일부 ,2024-10-10
181,유흥주점영업,소리꾼노래타운,"인천광역시 남동구 예술로192번길 31, 대건빌딩 지하1층 (구월동)",인천광역시 남동구 구월동 1129-7 대건빌딩 지하1층 ,2024-10-10
182,유흥주점영업,만남7080,"인천광역시 남동구 장도로 64, 동아씨랜드26 2층 205호 (논현동)",인천광역시 남동구 논현동 678-4 동아씨랜드26 2층 205호 ,2024-10-10
183,유흥주점영업,홍대노래타운,"인천광역시 남동구 소래역로30번길 18, 제일타워 2층 205호 (논현동)",인천광역시 남동구 논현동 678-2 제일타워 ,2024-10-10
184,유흥주점영업,나비노래빠,"인천광역시 남동구 소래역로30번길 18, 제일타워 2층 201호 (논현동)",인천광역시 남동구 논현동 678-2 제일타워 ,2024-10-10
185,유흥주점영업,썸노래밤,"인천광역시 남동구 용천로 167, 2층 202호 (간석동)",인천광역시 남동구 간석동 120-1 2층 202호 ,2024-10-10
186,단란주점,황금,"인천광역시 남동구 호구포로 898, 지하5호 (간석동)",인천광역시 남동구 간석동 919 지하5호,2024-10-10
187,단란주점,황제,"인천광역시 남동구 용천로153번길 56 (간석동, 지하1층)",인천광역시 남동구 간석동 170-12 지하1층 ,2024-10-10
188,단란주점,산타나라이브,"인천광역시 남동구 백범로 260, 지하1층 (간석동)",인천광역시 남동구 간석동 921-15 지하1층전부 ,2024-10-10
189,단란주점,백마단란주점,인천광역시 남동구 구월로276번길 70 (구월동),인천광역시 남동구 구월동 1271-6 ,2024-10-10
190,단란주점,추억속으로7080,"인천광역시 남동구 인주대로 660 (구월동, 지하1층)",인천광역시 남동구 구월동 279-6 지하1층 ,2024-10-10
191,단란주점,이지,"인천광역시 남동구 남동대로922번길 45 (간석동, 2층)",인천광역시 남동구 간석동 174-26 2층 ,2024-10-10
192,단란주점,VIP노래주점,"인천광역시 남동구 석정로 572, 1층 (간석동)",인천광역시 남동구 간석동 581-12 1층일부 ,2024-10-10
193,단란주점,쎄시봉,인천광역시 남동구 호구포로 896 (간석동),인천광역시 남동구 간석동 919-8 ,2024-10-10
194,단란주점,팬더단란주점,"인천광역시 남동구 남동대로 734, 지하1층 (구월동)",인천광역시 남동구 구월동 1191-7 지하1층 ,2024-10-10
195,단란주점,스마일,인천광역시 남동구 호구포로 865 (구월동),인천광역시 남동구 구월동 1248-51 ,2024-10-10
196,단란주점,7080라이브(Live),"인천광역시 남동구 용천로168번길 14 (간석동, 지하1층전부)",인천광역시 남동구 간석동 42-9 지하1층전부 ,2024-10-10
197,단란주점,앗싸노래천국,"인천광역시 남동구 인주대로 524, 가동 지하1층 (구월동)",인천광역시 남동구 구월동 1121 가동 지하1층 ,2024-10-10
198,단란주점,스타라이브,"인천광역시 남동구 남동대로922번길 24 (간석동, 2층)",인천광역시 남동구 간석동 175-3 2층 ,2024-10-10
199,단란주점,한잔해,"인천광역시 남동구 남동대로916번길 79, 지하1층 (간석동)",인천광역시 남동구 간석동 125-3 지하1층 ,2024-10-10
200,단란주점,칸노래주점,"인천광역시 남동구 문화로145번길 12, 지하1층 (구월동)",인천광역시 남동구 구월동 1093-10 지하1층 ,2024-10-10
201,단란주점,음악여행라이브,"인천광역시 남동구 백범로 453-1 (간석동, 지하1층전부)",인천광역시 남동구 간석동 574-10 지하1층전부 ,2024-10-10
202,단란주점,바덴바덴,"인천광역시 남동구 남동대로 704-1, 중앙빌딩 지하1층 일부호 (구월동)",인천광역시 남동구 구월동 1182-2 중앙빌딩 지하1층일부 ,2024-10-10
203,단란주점,CNN단란주점,"인천광역시 남동구 경인로613번길 40, 지하1층 (간석동)",인천광역시 남동구 간석동 240-6 지하1층 ,2024-10-10
204,단란주점,노래하는맥주광장,"인천광역시 남동구 백범로 338, 지하1층 (간석동)",인천광역시 남동구 간석동 119-5 지하1층 ,2024-10-10
205,단란주점,콜노래하는호프,"인천광역시 남동구 복개동로 74, 지하1층 (만수동)",인천광역시 남동구 만수동 912-14 지하1층 ,2024-10-10
206,단란주점,쌍쌍라이브,"인천광역시 남동구 호구포로 784, 지하1층 (구월동)",인천광역시 남동구 구월동 1271-22 지하1층 ,2024-10-10
207,단란주점,팡팡노래광장주점,"인천광역시 남동구 남동대로916번길 38, 지하1층 (간석동)",인천광역시 남동구 간석동 182-12 (간석일방로 62) 지하1층 ,2024-10-10
208,단란주점,아싸가요주점,"인천광역시 남동구 백범로 447, 지하1층 (간석동)",인천광역시 남동구 간석동 574-28 지하1층전부 ,2024-10-10
209,단란주점,심염단란주점,인천광역시 남동구 구월남로 288 (구월동),인천광역시 남동구 구월동 1274-15 ,2024-10-10
210,단란주점,퀸가요주점,"인천광역시 남동구 남동대로 697-1, 지하1층 (구월동)",인천광역시 남동구 구월동 1167-2 지하1층 ,2024-10-10
211,단란주점,힐링,"인천광역시 남동구 문화로 113, 2층 (구월동)",인천광역시 남동구 구월동 1347-2 2층전체 ,2024-10-10
212,단란주점,7080가요마당,"인천광역시 남동구 남촌동로46번길 4, 지하1층 (남촌동)",인천광역시 남동구 남촌동 349-13 지하1층 ,2024-10-10
213,단란주점,조이라이브7080,"인천광역시 남동구 구월로 353, 지하1층 (만수동)",인천광역시 남동구 만수동 885-16 지하1층전부 ,2024-10-10
214,단란주점,쏜다,인천광역시 남동구 남동대로 696 (구월동),인천광역시 남동구 구월동 1181-26 ,2024-10-10
215,단란주점,추억의7080,"인천광역시 남동구 구월말로 59, 지하1층 일부호 (만수동)",인천광역시 남동구 만수동 912-16 지하1층일부 ,2024-10-10
216,단란주점,우정단란주점,"인천광역시 남동구 백범로157번길 31, 지하층 102호 (만수동)",인천광역시 남동구 만수동 885-17 지하102호 ,2024-10-10
217,단란주점,우산속,"인천광역시 남동구 남동대로 694 (구월동, 지하1층)",인천광역시 남동구 구월동 1181-30 지하1층 ,2024-10-10
218,단란주점,주(酒)고래노래노래,"인천광역시 남동구 석촌로46번길 32 (간석동,지하1층)",인천광역시 남동구 간석동 167-7 지하1층 ,2024-10-10
219,단란주점,첼로,"인천광역시 남동구 백범로 334 (간석동, 지하1층)",인천광역시 남동구 간석동 118-9 지하1층 ,2024-10-10
220,단란주점,마이웨이,"인천광역시 남동구 남동대로922번길 17 (간석동, 3층)",인천광역시 남동구 간석동 174-18 3층 ,2024-10-10
221,단란주점,친구네노래포차,"인천광역시 남동구 백범로 325 (간석동,지하1층일부)",인천광역시 남동구 간석동 122-5 지하1층일부 ,2024-10-10
222,단란주점,7080푸른시절라이브,"인천광역시 남동구 남동대로921번길 1, 1동 2층 (간석동)",인천광역시 남동구 간석동 277-1 1동 2층 ,2024-10-10
223,단란주점,써니라이브 7080,"인천광역시 남동구 석촌로 58, 지하1층 (간석동)",인천광역시 남동구 간석동 173-12 지하1층 ,2024-10-10
224,단란주점,이리오너라7080,"인천광역시 남동구 용천로153번길 41, 1층 일부호 (간석동)",인천광역시 남동구 간석동 125-1 1층일부 ,2024-10-10
225,단란주점,노래하는7080,"인천광역시 남동구 백범로 343-1 (간석동, 2층)",인천광역시 남동구 간석동 170-4 2층 ,2024-10-10
226,단란주점,참조은주점,"인천광역시 남동구 용천로153번길 41, 지하1층 (간석동, 궁전빌딩)",인천광역시 남동구 간석동 125-1 (용천로153번길 41) 궁전빌딩 지하1층 ,2024-10-10
227,단란주점,쎄시봉,"인천광역시 남동구 남동대로922번길 16 (간석동, 지하1층)",인천광역시 남동구 간석동 176-7 지하1층 ,2024-10-10
228,단란주점,달빛 7080,"인천광역시 남동구 남동대로921번길 1 (간석동, 2동 2층전부)",인천광역시 남동구 간석동 277-1 2동2층전부 ,2024-10-10
229,단란주점,달빛라이브,"인천광역시 남동구 청능대로 563, 4층 402호 (논현동, 동아베스트프라자)",인천광역시 남동구 논현동 631-7 동아베스트프라자 402호,2024-10-10
230,단란주점,향기단란주점,"인천광역시 남동구 백범로 315-1, 지하1층 (간석동)",인천광역시 남동구 간석동 39-5 지하1층 ,2024-10-10
231,단란주점,파라다이스7080,"인천광역시 남동구 백범로 336, 지하1층 (간석동)",인천광역시 남동구 간석동 119-2 지하1층 ,2024-10-10
232,단란주점,몽마르지,"인천광역시 남동구 백범로 325-2, 2층 (간석동)",인천광역시 남동구 간석동 122-8 2층 ,2024-10-10
233,단란주점,킹톤,"인천광역시 남동구 논고개로123번길 35, A402호 (논현동, 논현동칼리오페)",인천광역시 남동구 논현동 632-1 ,2024-10-10
234,단란주점,썬라이브,"인천광역시 남동구 청능대로 583, 4층 401호 (논현동, 중앙프라자)",인천광역시 남동구 논현동 631-9 중앙프라자 4층 401호,2024-10-10
235,단란주점,가자단란주점,"인천광역시 남동구 논현로26번길 34, 204호 (논현동, 주건축물제1동)",인천광역시 남동구 논현동 646-2 주건축물제1동 204호,2024-10-10
236,단란주점,썸씽7080라이브,"인천광역시 남동구 논고개로123번길 45-1, 403호 (논현동, 로얄프라자)",인천광역시 남동구 논현동 631-3 로얄프라자 403호 ,2024-10-10
237,단란주점,별밤,"인천광역시 남동구 논현로 42 (논현동, 제일프라자 605호일부)",인천광역시 남동구 논현동 636-1 제일프라자 605호일부 ,2024-10-10
238,단란주점,창노래타운주점,"인천광역시 남동구 논고개로123번길 17, 311-1호 (논현동, 아이플렉스)",인천광역시 남동구 논현동 632-2 ,2024-10-10
239,단란주점,별단란주점,"인천광역시 남동구 구월남로 117, 3층 302호 (구월동, 가주프라자)",인천광역시 남동구 구월동 1134-4 ,2024-10-10
240,단란주점,원이야 놀자 라이브,"인천광역시 남동구 남동대로922번길 28, 1층 (간석동)",인천광역시 남동구 간석동 175-2 1층일부 ,2024-10-10
241,단란주점,낭만라이브7080,"인천광역시 남동구 논고개로 117, 5층 502-2호 (논현동, 메트로타워)",인천광역시 남동구 논현동 631-10 메트로타워 5층 502-2호 ,2024-10-10
242,단란주점,힐링라이브(7080),"인천광역시 남동구 석촌로 47, 2층 (간석동)",인천광역시 남동구 간석동 213-15 2층 ,2024-10-10
243,단란주점,관수야놀자,"인천광역시 남동구 백범로 396 (간석동, 지하1층전부)",인천광역시 남동구 간석동 216-10 지하1층전부 ,2024-10-10
244,단란주점,파티라이브,"인천광역시 남동구 앵고개로934번길 51, 3층 (논현동, 흥인빌딩 302호일부)",인천광역시 남동구 논현동 676-7 흥인빌딩 3층 302호일부 ,2024-10-10
245,단란주점,썸단란주점,"인천광역시 남동구 선수촌공원로23번길 6-17, 4층 401호 (구월동, 메이채프라자)",인천광역시 남동구 구월동 1538-2 메이채프라자 4층 401호일부 ,2024-10-10
246,단란주점,써니,"인천광역시 남동구 호구포로 221, 202호 (논현동, 남동메디칼센타)",인천광역시 남동구 논현동 647-1 남동메디칼센타 202호,2024-10-10
247,단란주점,소래7080,"인천광역시 남동구 앵고개로948번길 54, 9층 902호 (논현동, 굿모닝타워)",인천광역시 남동구 논현동 676-6 굿모닝타워 902호,2024-10-10
248,단란주점,해바라기,"인천광역시 남동구 용천로168번길 9, 지하1층 일부호 (간석동)",인천광역시 남동구 간석동 43-4 지하1층 일부 ,2024-10-10
249,단란주점,망고단란주점,"인천광역시 남동구 장도로 64, 207호 (논현동, 동아씨랜드)",인천광역시 남동구 논현동 678-4 동아씨랜드 207호 ,2024-10-10
250,단란주점,썸노래타운,"인천광역시 남동구 선수촌공원로 25, 3층 304호 (구월동, 구월신세계프라자)",인천광역시 남동구 구월동 1534-2 구월신세계프라자 304호 ,2024-10-10
251,단란주점,오선녀7080,"인천광역시 남동구 백범로 335, 4층 일부호 (간석동)",인천광역시 남동구 간석동 123-4 하람빌딩 ,2024-10-10
252,단란주점,제우스단란주점,"인천광역시 남동구 인주대로591번길 55, 건영프라자 2층 201호 (구월동)",인천광역시 남동구 구월동 1131-16 건영프라자 201호 ,2024-10-10
253,단란주점,아이앤디(IND)-88클럽,"인천광역시 남동구 경인로 607, 관광나이트런던 지하1층 2호 (간석동)",인천광역시 남동구 간석동 250-3 관광나이트런던 ,2024-10-10
254,단란주점,소래왕라이브,"인천광역시 남동구 소래역로 20, 2층 201호 (논현동)",인천광역시 남동구 논현동 679-3 201호 ,2024-10-10
255,단란주점,펄라이브,"인천광역시 남동구 논고개로 120, 논현프라자 301-1호 (논현동)",인천광역시 남동구 논현동 616-1 논현프라자 301-1호,2024-10-10
256,단란주점,놀자라이브7080,"인천광역시 남동구 선수촌공원로23번길 10-10, 솔보프라자 3층 301호 (구월동)",인천광역시 남동구 구월동 1540-1 솔보프라자(상업7-1-1) ,2024-10-10
257,단란주점,에이스단란주점,"인천광역시 남동구 백범로 320, 지하1층 (간석동)",인천광역시 남동구 간석동 42-2 지하1층 ,2024-10-10
258,단란주점,명품 단란주점,"인천광역시 남동구 선수촌공원로 37, 중앙프라자 3층 302호 (구월동)",인천광역시 남동구 구월동 1533-3 중앙프라자 3층 302호,2024-10-10
259,단란주점,덤라이브,"인천광역시 남동구 선수촌공원로23번길 10-6, 은성프라자 2층 201호 (구월동)",인천광역시 남동구 구월동 1540-2 은성프라자 201호,2024-10-10
260,단란주점,콘서트7080,"인천광역시 남동구 선수촌공원로23번길 10-16, 금산빌딩 3층 301호 (구월동)",인천광역시 남동구 구월동 1537-2 금산빌딩 3층 301호 ,2024-10-10
261,단란주점,7080콘서트,"인천광역시 남동구 남동대로921번길 15, 1층 101호 (간석동)",인천광역시 남동구 간석동 314-1 1층 101호 ,2024-10-10
262,단란주점,오늘은 라이브,"인천광역시 남동구 선수촌공원로23번길 6-21, B&S빌딩 2층 201호 (구월동)",인천광역시 남동구 구월동 1538-1 B&S빌딩 2층 201호 ,2024-10-10
263,단란주점,에코노래타운,"인천광역시 남동구 소래역로30번길 18, 제일타워 2층 203호 (논현동)",인천광역시 남동구 논현동 678-2 제일타워 ,2024-10-10
264,단란주점,폭스뮤직타운,"인천광역시 남동구 선수촌공원로23번길 10-21, 누리자타운 2층 207-1호 (구월동)",인천광역시 남동구 구월동 1535 누리자타운 2층 207-1호 ,2024-10-10
265,단란주점,카라라이브,"인천광역시 남동구 백범로 329, 2층 일부호 (간석동)",인천광역시 남동구 간석동 122-12 ,2024-10-10
